102,65.046501713106878,727.66308273646587,339.14751756737672,211.37676189633746,662.616581023359,12445,12582,12505,27.02734742164904,137
122,117.35832826442797,2686.0419282034463,469.04727524361783,461.39320709127855,2568.6835999390182,12402,12640,12494,46.953252253207673,238
102,117.63990385751522,793.45597811107052,473.47721441599822,250.47373152027669,675.81607425355526,12475,12626,12525,38.199995673055881,151
123,117.89177570869657,706.2554387989386,502.33602315117218,190.98942459190201,588.36366309024197,12380,12546,12501,36.233157687073472,166
102,70.167791119419192,2574.8160598634281,488.22778823148315,546.56456367099656,2504.6482687440089,12420,12643,12507,48.049534706041939,223
124,112.90503589459297,696.79541302361838,411.54497137126066,215.32887161601235,583.89037712902541,12357,12626,12509,48.852216140644394,269
102,76.773386569214821,767.85486222631039,402.19093956346649,239.50566515559282,691.08147565709555,12428,12638,12508,41.252225318763109,210
125,89.376729538555082,3145.0389250377243,453.97205617743191,527.67413096941868,3055.6621954991692,12382,12613,12501,48.774953549439694,231
102,128.82794699105858,3067.934282330712,689.05640796783553,683.05782682758513,2939.1063353396535,12241,12620,12492,61.036634076863166,379
126,70.394332580568076,2527.0237381321372,551.58175166191108,626.98923257144077,2456.6294055515691,12436,12626,12519,44.396648317779039,190
102,92.282102255632466,2711.4061250878658,472.01774336411876,487.34918826122407,2619.1240228322335,12377,12664,12513,46.115647553141237,287
127,52.850423120821937,2429.5608974166403,506.43806815788207,334.71130411261413,2376.7104742958181,12396,12697,12514,42.261617308388253,301
102,122.43985458457341,3136.1427961164572,512.36076258499236,476.72966989420831,3013.7029415318839,12379,12595,12499,41.120676064481231,216
128,114.51629608343679,3139.6535028371386,455.73005943513465,481.91436377570614,3025.1372067537018,12376,12617,12499,45.77922034200266,241
102,122.28764084838559,961.24939015148709,391.46837298517124,216.13918917904834,838.96174930310144,12224,12646,12500,57.229745776588011,422
129,52.704445992378595,725.86300524559556,376.11045605425835,232.99383702791636,673.15855925321694,12451,12612,12512,26.841898747008774,161
102,98.698117265423079,3031.035752785745,669.88710869533111,773.64612374101239,2932.3376355203218,12437,12559,12509,27.164054376664012,122
130,92.387209923997034,3141.5337327241186,651.16872576938886,684.71788161767483,3049.1465228001216,12414,12562,12508,25.396607141919326,148
102,97.729599419338413,3091.1907484777621,536.38258677506303,599.96732506108003,2993.4611490584239,12469,12558,12519,21.293744473882658,89
131,149.41161233074251,3059.5562769407006,697.54973343652682,541.02797879529828,2910.144664609958,12465,12621,12517,33.360329204398603,156
102,82.540252016626013,924.27336957662123,347.00269461535345,210.84061582919114,841.73311755999521,12374,12564,12505,33.38857685009333,190
132,82.135766919129253,3090.4776183159465,601.15825041295989,560.58245380130325,3008.3418513968172,12451,12579,12506,24.086255257048414,128
102,123.68363597356488,2783.9043892474842,729.73153521116728,467.86160079554128,2660.2207532739194,12440,12561,12503,22.508640316307176,121
133,77.828853846386593,793.38519734646286,484.48222352916031,222.38588743468901,715.55634350007631,12348,12617,12499,47.325978742006896,269
102,106.35294763077489,2842.7799379035228,623.07024812266457,662.60526654851833,2736.4269902727478,12433,12665,12530,51.671773941120136,232
134,92.838681743767623,2782.8148365059292,710.0023974701686,727.77140310465597,2689.9761547621615,12469,12691,12524,42.895200942400173,222
102,124.28928881034706,686.94078716270803,461.66149531538832,177.43699338854614,562.65149835236093,12328,12566,12492,52.703437684367422,238
135,121.03706228688631,654.92027131847306,446.840235703438,206.81769553428686,533.88320903158672,12484,12530,12508,13.781472856078928,46
102,166.32397845930285,2199.4842549045793,629.32622726895454,433.46913684860925,2033.1602764452764,12479,12536,12504,14.625468231398758,57
136,124.25561084179638,733.79701256051044,584.11901165156246,129.06869638567218,609.54140171871404,12461,12585,12517,29.089235014864176,124
102,106.17978303432075,2999.7824823362321,624.28950288432986,628.78808813111846,2893.6026993019113,12342,12595,12486,47.272804282074901,253
137,67.190284545272931,3131.2092754640917,779.52932757014662,889.17908496011205,3064.0189909188189,12139,12626,12497,71.354582115578879,487
102,164.70739358595023,2559.7581130622857,660.07281095000997,735.99484277904139,2395.0507194763354,12342,12684,12499,56.948981759444131,342
138,108.43273141364114,3018.0736824268502,504.48694041927081,464.81453026421161,2909.6409510132089,12364,12619,12501,37.740487212011452,255
102,51.96806630636631,3038.3125221399359,574.65098790708225,780.44000235500857,2986.3444558335696,12336,12624,12501,63.083874797887702,288
139,83.237777265130276,2746.0686598170082,503.71707572203866,425.60375877857746,2662.8308825518779,12423,12586,12507,26.866537307378422,163
104,131.76456032986991,2785.7371171167074,505.09403187554699,424.92498082734073,2653.9725567868377,12441,12652,12515,34.891223824910469,211
121,82.392967524038752,714.12564047999081,332.17428284979474,230.18951588472535,631.73267295595201,12407,12598,12507,38.900013436564407,191
104,66.601053198873615,3091.842521197811,466.20428525252112,540.79654234193754,3025.2414679989374,12373,12543,12487,44.262594771639492,170
122,62.539776340768974,2717.4412425911241,388.05596893884871,476.16587403411057,2654.901466250355,12399,12538,12492,34.973259626304333,139
104,111.60078998232986,734.22216475842311,385.93453013972174,211.61042812903747,622.62137477609326,12442,12626,12502,30.024808897069693,184
123,114.13897429291909,688.79683270959492,326.67800096117111,214.58510706190188,574.65785841667582,12397,12726,12509,57.186098409307483,329
104,82.91077425472389,702.83016342780206,376.41552242963394,211.42647104989177,619.91938917307812,12427,12634,12506,34.965426720685635,207
124,75.750339726604352,1794.9691106904347,405.73804366648528,311.02511444629181,1719.2187709638304,12434,12592,12503,27.168629773756759,158
104,62.647029259557065,2755.0668029644603,475.5462478494581,436.34230639892621,2692.419773704903,12366,12569,12504,37.633713594222492,203
125,84.450733274163682,701.51828831113244,410.73782926408393,226.76409155947997,617.06755503696877,12462,12597,12521,28.067980712388284,135
104,89.067360704136163,1067.111961432018,405.3305763142663,264.13783308410689,978.04460072788186,12479,12542,12506,15.650591525216013,63
126,139.7057463015189,1263.1875948734901,290.54923240301605,256.9400425291866,1123.4818485719711,12488,12554,12514,21.041681561818205,66
104,85.583773372181298,2516.9206835382283,443.24974664051996,401.02916685581744,2431.3369101660469,12399,12663,12513,49.686053428758491,264
127,76.035052329764625,2660.7049955049347,461.47283666607012,474.17252547022059,2584.6699431751699,12399,12597,12512,40.957741192779963,198
104,115.33038361940747,3073.0533315640846,423.62779222268449,450.89486150407743,2957.7229479446773,12432,12599,12508,30.337374089836231,167
128,108.70908993964662,693.66571606623677,292.20118636174772,178.74113565188821,584.95662612659021,12360,12670,12511,43.95871206353889,310
104,90.728511897550163,3133.6937350762778,614.28760599265468,729.80973961043071,3042.9652231787277,12433,12588,12511,28.017011752490848,155
129,67.835152980280853,2142.5683767916566,436.28002565782998,427.33798385565137,2074.7332238113759,12372,12650,12514,46.749839571917249,278
104,72.959050058625095,2216.0908054847282,452.42655575290746,358.80876749740133,2143.1317554261032,12448,12650,12513,31.877850749714174,202
130,80.095030595002896,1996.4754998762462,367.80642805865602,349.75234856522189,1916.3804692812432,12407,12617,12506,36.276593479511291,210
104,64.187903687724258,3021.1403634326202,544.20095792889026,495.69812357544868,2956.9524597448958,12425,12593,12511,34.859521860002793,168
131,159.96798308488238,689.5716175193636,423.95327781935731,182.1012189222206,529.60363443448125,12456,12587,12516,27.758660087917491,131
104,67.902249649127597,2926.2989274673823,397.76910017147998,413.81930077548799,2858.3966778182548,12437,12634,12516,41.243129014339125,197
132,71.066832607866843,3117.8833416683851,462.79774649683947,471.58786287698899,3046.8165090605185,12352,12634,12508,37.093443158828343,282
104,141.32035660347077,760.99949502563402,486.23042959027964,240.1118245946324,619.67913842216331,12472,12571,12506,19.898507916021007,99
133,77.237988357075608,750.96474334060804,439.90026016757554,251.28040344338223,673.72675498353237,12326,12553,12493,41.984217942138898,227
104,83.349914786391238,821.98983276940942,468.74742035143709,208.04564060117815,738.63991798301822,12414,12640,12511,30.253235902106013,226
134,58.434154294522571,1857.1595664702679,366.17305426039042,289.38789673695868,1798.7254121757453,12322,12633,12508,42.095210016043062,311
104,141.98392002612746,808.9213870079775,404.7619330321175,235.95110878822072,666.93746698185009,12379,12586,12503,40.549545185207108,207
135,72.172492533794497,722.18930942293719,387.16193489585339,223.05807492606891,650.01681688914266,12460,12555,12509,18.656991540260002,95
104,91.37555932749575,696.0980852261298,443.21808254613694,221.53013371018312,604.7225258986341,12398,12671,12515,36.867902225823372,273
136,142.15895115211259,711.54691117736797,448.76984836682209,231.06709233944923,569.38796002525532,12447,12548,12506,20.479386549345172,101
104,85.186532465234393,2733.6799905354542,407.19423536587976,374.14480599307984,2648.4934580702197,12404,12668,12517,44.401646060022436,264
137,76.964560807211441,673.49943173355098,266.22155962529951,168.04462456898474,596.53487092633952,12297,12655,12509,62.482713658841988,358
104,142.62062735594611,2859.6224111736165,511.94739650336749,410.1678528257109,2717.0017838176705,12412,12589,12511,29.893321721870002,177
138,77.898707048227237,2973.2319311297174,272.15037500384165,439.76412032011513,2895.3332240814902,12404,12593,12507,37.097091730700846,189
104,103.04879624174204,3046.0827232496481,566.11459848595985,680.1674887005621,2943.0339270079062,12428,12692,12506,37.688857769903294,264
139,71.250553600338776,2806.5937048667752,345.41811903459711,421.69589641998454,2735.3431512664365,12296,12617,12509,47.288505379434383,321
105,80.301199947496372,2338.8325982271167,451.55295024681811,372.43822302681536,2258.5313982796201,12244,12649,12504,55.877000128559544,405
121,60.926464373421645,2722.9045036548296,398.86545527303758,435.09737321549318,2661.9780392814077,12383,12671,12508,55.995038842740342,288
105,112.36236200634995,768.79857939526164,336.37341658377238,200.16793919295935,656.4362173889117,12403,12570,12509,34.261764121621404,167
122,122.17666458524758,660.12289536268679,305.82360085458748,208.21737048728579,537.94623077743927,12480,12647,12521,34.143227732597282,167
105,56.595090141600217,2858.3171653312388,474.30331395153979,494.93344495481665,2801.7220751896384,12065,12559,12484,94.862739565686454,494
123,70.833914640004039,3041.548851207498,499.6054253388541,533.44057545473686,2970.7149365674941,12410,12581,12510,30.16034952837035,171
105,53.164037490360748,852.39285870852598,317.46564928124445,217.38330945364774,799.22882121816519,12371,12568,12505,34.461146415128127,197
124,102.96648511946422,737.86716527979468,377.74569098704256,227.84178269809573,634.90068016033047,12401,12610,12509,43.59594478141382,209
105,92.068333367625854,716.86986331759283,358.46545365515868,234.55034098122425,624.80152994996695,12465,12564,12510,17.837112179062757,99
125,75.907724807222152,632.70275651683721,327.31495380803307,200.41631655056008,556.79503170961505,12452,12596,12508,27.114408268189663,144
105,111.37032538136266,697.1362696453175,382.05158314787178,170.92718101351545,585.76594426395479,12430,12571,12507,28.45070664031622,141
126,90.394206917820142,677.66274811469043,324.69492534460113,195.86746449825495,587.26854119687027,12371,12564,12506,36.878177829171548,193
105,78.708757148064194,624.7426755528802,315.60012409258155,164.54719485259022,546.03391840481595,12135,12641,12507,67.95342595611757,506
127,89.47104952540694,700.96786493492471,371.51392320700018,202.48515121282355,611.49681540951781,12367,12610,12504,51.070887989147003,243
105,138.48044440058538,729.64694585897348,439.82369114128358,167.4595114059199,591.1665014583881,12328,12648,12509,56.299670448076185,320
128,127.75338086005283,688.20719663052739,456.06415704509135,207.93230967481446,560.45381577047453,12468,12524,12500,15.066895429001976,56
105,73.985135033352307,740.33786437725519,351.38137866339429,195.08819079087522,666.35272934390287,12416,12634,12514,32.234772902868627,218
129,64.000100348014797,990.59197442030086,350.46404089136848,235.32306939112252,926.59187407228603,12397,12616,12517,37.123990411010752,219
105,163.78189172294114,737.93023752981287,381.13200354586479,178.81434495004558,574.1483458068717,12390,12574,12511,35.063180286405597,184
130,107.12847771304205,715.6338501768505,403.85278983762402,224.36134608975655,608.5053724638085,12435,12638,12519,34.745878052895236,203
105,65.949807114225649,666.7458498136366,412.4128104779021,154.91904033973512,600.79604269941092,12411,12567,12505,33.222944787550865,156
131,129.0070194468538,836.86223430705661,459.31477444935501,191.82973266833474,707.85521486020275,12360,12596,12499,42.175367218318321,236
105,108.0362580181061,694.50730521985952,386.75995546410184,189.85222610670391,586.47104720175344,12355,12592,12506,44.287640055983964,237
132,100.88527263294219,629.09757802092065,388.81903237691614,177.13145096769259,528.2123053879784,12390,12637,12503,47.705610845292071,247
105,91.455001069227521,912.76120745249284,383.96802608894433,220.41170830908229,821.30620638326536,12382,12656,12507,50.394346826245261,274
134,95.702652256442548,725.44912691103502,404.46540630021548,225.37383179349757,629.74647465459248,12420,12651,12509,35.684535791776192,231
105,131.75473898217757,1876.7014016322257,451.77701247252338,325.32503887865045,1744.9466626500482,12411,12567,12510,36.351103222805889,156
135,55.190319857481448,676.41264455377666,355.47170329074402,217.98715008770859,621.22232469629523,12451,12557,12505,24.438009872545109,106
105,100.59919542642515,845.56754949939716,430.05653708179449,223.06783274702113,744.96835407297203,12092,12618,12494,90.312731184416407,526
136,133.33726092629115,760.32307942790874,487.59412116944526,244.64464998204352,626.98581850161759,12377,12622,12508,41.319701213021048,245
105,103.33443257472302,918.74157853267866,374.16402892401499,230.3432893888556,815.40714595795566,12106,12601,12482,84.121695821887968,495
137,71.949875886499541,704.30696888643536,380.35333137914108,216.75686821348611,632.35709299993584,12336,12663,12501,53.748791136773981,327
105,74.384991647999513,2365.5798901684693,392.37253017909808,410.08891652217488,2291.1948985204699,12283,12632,12487,71.125659047913217,349
138,90.103887068108747,831.20944276794944,400.60295463635879,261.1754852631534,741.10555569984069,12388,12665,12508,49.875313282224106,277
105,91.473508056916046,2417.0023567777357,471.58978820195301,503.04428615239203,2325.5288487208195,12421,12554,12497,31.229981242310441,133
139,79.139100818827927,835.40388937781211,454.29631892957224,231.33155946240129,756.26478855898415,12444,12550,12505,21.912769490962599,106
106,78.881002734392894,880.01883388106569,518.40535044846172,255.17745016471071,801.13783114667285,12343,12608,12506,37.038847194006678,265
121,61.01836719605636,808.23950533089283,355.70558857202019,248.95448775083688,747.22113813483645,12342,12628,12509,45.976225671885416,286
106,97.721150000741105,1810.7906978215735,400.11730600223331,360.10395800937221,1713.0695478208324,12284,12540,12497,45.287954369118481,256
122,60.737025073666601,823.01052892874225,523.16650088640438,269.51273688968274,762.27350385507566,12477,12627,12521,30.747220713954828,150
106,72.928150563089645,853.11239828126565,581.01778307868949,236.30305474869644,780.18424771817604,12384,12623,12507,43.431179912455612,239
123,123.76988354517734,912.86944923449755,615.27063173306794,227.58509442733606,789.09956568932023,12425,12605,12515,35.573368907740338,180
106,72.762516288595933,1062.1320124159711,511.01243113251678,282.25956776400022,989.3694961273751,12249,12576,12494,47.866825534679926,327
124,84.556375823160892,801.82311818510686,500.34275589275057,269.63983065252029,717.26674236194594,12471,12654,12514,37.822415628393465,183
106,71.866997584534118,991.96980026073504,504.9926784896993,256.55504683591988,920.10280267620089,12408,12652,12508,38.732907136414319,244
125,126.36894440470981,858.1862508638485,480.71540998716239,258.17265719839332,731.81730645913865,12423,12652,12508,42.852124575180419,229
106,134.09498733574756,2757.0960922042236,648.03289430627615,442.31307912818983,2623.001104868476,12414,12589,12513,28.74492218651574,175
126,116.65100272909143,883.52696757200977,542.98756908625671,232.21223622747561,766.87596484291839,12398,12711,12509,49.208455138064537,313
106,88.900898223618469,3093.1100273800807,516.2347379155832,457.38122518645889,3004.209129156462,12329,12701,12503,56.967423401193521,372
127,123.1080666898791,923.63528090396335,468.31188915284429,255.69181434952847,800.52721421408421,12361,12673,12510,54.40097384749243,312
106,79.631591891524479,1122.6359986655214,443.24200806774553,207.68238840649946,1043.0044067739968,12009,12572,12498,74.101370894897016,563
128,78.951334611412008,824.55040703021177,503.61454425670087,251.07098220500089,745.59907241879978,12381,12639,12506,36.278542598362804,258
106,107.67079131919184,833.22113644931937,456.35236429105134,269.73132130621303,725.55034513012754,12286,12655,12511,62.156053607030103,369
129,128.37110985621234,961.98655832541101,471.92624331225437,248.43196018006267,833.61544846919867,12415,12651,12507,43.034143421241694,236
106,164.66064004426553,796.89225356350778,459.19877673712227,237.28956037928009,632.23161351924227,12311,12752,12505,62.965862027466464,441
130,119.13862749314369,807.7541270897666,536.76597689326343,243.69539223717774,688.61549959662295,12456,12593,12513,28.284408876042079,137
106,160.50894267078309,904.63287114239552,515.56348565056987,237.11435942535851,744.12392847161243,12385,12570,12502,34.942369303264044,185
131,158.05238876838814,856.12601332953318,535.6702337711348,229.46262367688684,698.07362456114504,12354,12703,12512,50.455592410286222,349
106,71.016700727804732,850.38474487940789,374.68308230679531,233.51067940513681,779.36804415160316,12111,12580,12499,58.221209053689954,469
132,92.805499383779519,842.60271966513392,472.99933897401928,266.98246652645696,749.79722028135438,12415,12636,12506,35.923121206744909,221
106,97.406697646549475,3030.4379176068469,564.88969532327451,443.01117426620397,2933.0312199602972,12409,12740,12513,46.067306570862996,331
134,97.589157037238223,915.34658678070798,404.49003282624767,272.61745421154575,817.75742974346974,12365,12592,12510,36.015062412423354,227
106,142.59169570247408,2338.6850116281662,703.88246386821527,506.8614197768967,2196.093315925692,12432,12597,12506,25.016661114811733,165
135,146.82254917507368,2101.7555034602788,620.11715583571299,340.26318926471265,1954.9329542852051,12433,12608,12511,30.314503720207412,175
106,81.580300208121841,898.23517125488968,497.84240892828308,261.19428456432513,816.65487104676788,12400,12578,12503,31.129340061623154,178
136,162.70419532218574,788.01150110183073,561.46553152741865,208.96515576547606,625.30730577964505,12452,12604,12514,27.809051284309099,152
106,88.756550833611087,2903.4914508589331,531.98787369336992,417.49015150859975,2814.7349000253221,12097,12682,12505,68.139791733478248,585
137,121.9977805514382,2922.4456027447031,526.35065181745392,450.46935960768786,2800.447822193265,12395,12640,12500,47.720310687653743,245
106,78.113338770977137,2983.1108586917317,549.77475211779017,583.63070396042804,2904.9975199207547,12349,12657,12508,41.776937917573228,308
138,83.257405386017155,812.90659206903968,423.3301505619803,256.93987343632551,729.64918668302255,12348,12637,12502,45.477702814535355,289
106,53.223581753314306,3003.6926314463067,434.16953580683582,428.48455368004079,2950.4690496929925,12371,12600,12505,37.816252382944441,229
139,85.486007875618455,828.52861682689502,433.66484906237889,282.28377695941941,743.04260895127652,12330,12630,12506,43.63145314682636,300
107,108.45796920915525,2609.8047608695101,467.48697522025293,391.90884581091132,2501.3467916603549,12408,12573,12505,34.028666053471511,165
121,112.31475309520191,773.82899124434277,388.18099111325665,221.85988895790567,661.51423814914085,12439,12590,12516,26.967691688444052,151
107,51.770823324649925,2879.6762394327889,514.56945952406329,583.75541601133102,2827.905416108139,12353,12673,12504,52.594052940184646,320
122,74.919564152340158,744.64923048856951,401.63215306404766,231.55092355984149,669.72966633622934,12413,12748,12509,51.258496558012261,335
107,80.435656796019543,2870.455870533935,451.58561371873884,507.29996716268266,2790.0202137379156,12479,12590,12509,22.844873129427601,111
123,81.69727695629534,710.45950457857543,390.26586026208861,209.28714300882083,628.76222762228008,12401,12670,12505,44.200823512323097,269
107,72.685893834188221,929.64194162228785,482.6550356384011,251.68084294367048,856.95604778809957,12234,12636,12507,57.778526587024196,402
124,66.158189814421348,785.88698500871283,421.89464453687526,217.22884813815716,719.72879519429148,12375,12701,12518,42.415927984019895,326
107,114.0027787993084,2943.7578618536213,458.55928686773126,462.77160713011926,2829.7550830543128,12410,12563,12507,28.557081874865226,153
125,113.41078135178026,744.65061569873671,350.72264878212491,203.91908104735236,631.23983434695651,12397,12594,12506,34.06389819105825,197
107,97.741304603010775,739.69903351921118,409.21764970861113,229.70089758216932,641.95772891620038,12482,12627,12516,33.987488996453145,145
126,118.42278927455713,2969.3409075957111,538.70086891366725,526.70760453724381,2850.918118321154,12364,12609,12505,46.937198379494021,245
107,56.455203920976899,3139.2020770536892,557.50311152746644,765.7423221116635,3082.7468731327122,12433,12655,12510,39.45910111947591,222
127,50.592296235150506,2951.599595833668,387.13497744182729,445.87558910701483,2901.0072995985174,12247,12653,12499,56.662045462171534,406
107,61.153067403861201,2788.4017014594137,471.40965040938505,563.53635543299379,2727.2486340555524,12399,12724,12519,53.379195282381751,325
128,57.810627768379319,680.45606281722166,392.10022672651633,228.86096283665108,622.64543504884239,12431,12554,12507,24.432445129376632,123
107,101.48025923291002,3138.3598227163811,701.43532610367026,945.88336995694112,3036.879563483471,11611,12595,12486,151.00936749856135,984
129,65.686648804876427,2852.100241572733,469.32879088037419,475.2839037625223,2786.4135927678567,12385,12712,12513,49.636141635645188,327
107,83.551800135673744,679.20259402929526,384.56017320659799,199.43584102528902,595.65079389362154,12353,12536,12500,38.964705361248257,183
130,59.704003774304027,618.56790645432636,384.39049152274055,200.14403276812283,558.86390268002231,12471,12563,12510,19.347288707730204,92
107,98.716660085176457,1074.6206141805326,390.21407390958859,249.92517112347423,975.90395409535608,12372,12679,12504,43.973741100201551,307
131,64.762210637499734,3013.4315902518097,387.22227334863845,513.44755298838675,2948.6693796143099,12410,12656,12511,40.127813486315304,246
107,102.4005088347994,1393.1698164035133,439.66568947667724,242.3536633815136,1290.7693075687139,11678,12627,12501,129.31617668999888,949
132,91.520173778104819,592.36509596623569,291.1253700632285,173.71887443690741,500.84492218813085,12409,12669,12511,39.76249797780094,260
107,80.43426520687504,2760.540608454512,420.90384663169414,393.2323987567766,2680.1063432476371,12331,12649,12502,48.030865926325475,318
134,56.472047452446461,767.59970949960848,338.8007204286406,216.06141367567585,711.12766204716206,12428,12646,12506,43.503072695895575,218
107,113.03452062858487,977.41296079296546,418.469153156934,235.60786744585437,864.37844016438055,12120,12607,12498,96.066435059964178,487
135,61.420789051720838,692.34552764967236,308.09333819995032,195.83519881872903,630.92473859795155,12398,12549,12508,28.070133557914964,151
107,102.77286815544755,2956.4628940794069,538.34642472627058,571.61592299287236,2853.6900259239592,12457,12639,12518,35.226451603333309,182
136,69.350817713059627,694.29249667930571,369.40974936440927,216.0052458160138,624.94167896624606,12459,12558,12513,23.025138974464163,99
107,80.62335909136327,3098.4018907048685,535.41150074339191,755.00418011752606,3017.778531613505,12406,12599,12507,36.794696706851759,193
138,83.12326622089104,744.24914306351263,369.0515899041809,210.23319306583485,661.12587684262155,12334,12563,12504,36.204557724131917,229
107,74.702006592005773,755.57574943297629,373.20809300949082,236.05942798710763,680.87374284097052,12453,12592,12507,28.028538100666019,139
139,81.398278904294003,650.40513369224516,402.76048611916679,216.44677438112006,569.00685478795117,12257,12571,12503,48.964176825970412,314
108,59.543886442560854,2860.8768668894559,399.68156819512041,472.65096121261018,2801.3329804468949,12399,12629,12508,43.933102997928906,230
122,122.5941187921029,703.81798683760314,363.17119302176661,213.6258488626593,581.22386804550024,12335,12583,12510,40.040704725246762,248
108,107.32144712447871,2970.3342660785024,572.07046974226864,637.02154812605124,2863.0128189540237,12423,12578,12504,34.207791661851296,155
123,70.042688542287735,666.21904448865621,454.24478264439369,215.28731993856044,596.17635594636852,12382,12560,12503,34.658056782055347,178
108,81.000291311343275,2250.8568899575566,385.41582486528421,436.46668414983043,2169.8565986462136,12422,12631,12510,37.469750762744901,209
124,91.241213963926612,2295.6010955791039,385.68676465834,363.42300186989087,2204.3598816151771,12332,12640,12507,47.429599665712253,308
108,62.558572379636104,3107.1925175287593,697.66746520878712,719.37539856741046,3044.6339451491231,12222,12600,12509,52.601782289196251,378
125,67.205229728221184,2969.4111985939494,449.65042090665952,561.42326359602589,2902.2059688657282,12416,12628,12512,36.315989701965179,212
108,119.50715175215947,3071.3205987090132,840.32860595723071,1050.9188418476631,2951.8134469568536,11743,12552,12485,137.5688419094528,809
126,81.108251259183845,3095.346957118179,464.31195249369478,541.3013544877906,3014.2387058589952,12339,12668,12499,54.297064605118948,329
108,58.633885569806701,3113.7334833826044,629.0663627793075,796.44681103799053,3055.0995978127976,12437,12571,12509,31.306920383341588,134
128,64.664205037496458,3030.4890491495039,636.21375039021393,866.17707325466756,2965.8248441120077,12368,12652,12504,44.692200136260631,284
108,89.933443501535407,2885.7409730937043,924.78080792838659,979.81506382959719,2795.807529592169,12382,12641,12517,41.690073425483696,259
129,68.369597990092288,2146.3046853728765,379.49557324992639,311.56568653081229,2077.9350873827843,12423,12635,12510,31.200289829608881,212
108,52.813949466189534,778.0113666971846,300.6777665669498,154.37536480754608,725.19741723099503,12408,12593,12504,31.986264141815624,185
130,126.03481836709227,2272.7252390185813,440.29674839164659,385.24203430109054,2146.6904206514891,12408,12564,12507,25.943595637033116,156
108,102.83576759975982,2361.5677457445713,587.52027363899106,609.09760717166262,2258.7319781448114,12393,12679,12507,45.019933085245697,286
131,125.39897990868137,2245.4652774939959,470.56566792336002,366.16926845885177,2120.0662975853147,12406,12562,12510,28.792017601669951,156
108,55.396345971602251,3024.1055560811787,567.58695914579937,755.32740222887662,2968.7092101095764,12383,12590,12506,34.77885217590525,207
132,65.561997029202729,2881.3551126756847,395.76773219573585,468.45359890866979,2815.793115646482,12421,12560,12502,29.362253440145452,139
108,84.717016808270245,2870.1702264409387,718.70592697062034,824.56705043505144,2785.4532096326684,12035,12617,12499,84.136046822987836,582
134,86.578348669159638,783.76267005371346,343.36233378129509,218.06738524800926,697.18432138455387,12399,12556,12506,26.598971899726667,157
108,109.80590876342934,2910.1322725822588,674.43362222274516,802.23526769782006,2800.3263638188296,12436,12629,12518,47.184751309545618,193
135,71.945236500414467,730.94598873374912,335.57519082728305,163.31441822798868,659.00075223333465,12454,12590,12510,26.040261866871425,136
108,122.5308426363204,3102.0654719734962,734.04161010946689,824.70859619826172,2979.5346293371758,12396,12577,12510,32.322831436907961,181
136,58.39773981551356,735.54284123269088,446.73391952759897,235.42751332091873,677.14510141717733,12271,12568,12496,49.982752127149638,297
108,84.840409811248151,798.55619091694268,432.51000001657474,232.9782110089364,713.71578110569453,12424,12645,12512,34.309617643246753,221
137,69.774526980263687,2955.0497619650923,467.33487932243435,432.32697577208489,2885.2752349848288,12406,12657,12523,40.532322553375188,251
108,77.411109814374555,830.31882936290413,381.549143554963,234.48758986281049,752.9077195485296,12351,12616,12506,47.054557250331143,265
138,52.755091088409308,814.21006742051827,476.90260960194234,221.84455030128473,761.45497633210891,12450,12598,12516,29.333971024020471,148
108,51.243465116386389,3060.6128603682582,486.84883700100983,462.03879209430886,3009.369395251872,12406,12570,12506,29.998814791402825,164
139,106.97229972042965,799.95251353040499,393.05564352416394,224.74256571413358,692.98021380997534,12395,12584,12510,31.067718870534108,189
109,63.312679152571462,932.12938987322309,426.43462463612309,206.7825956705062,868.8167107206516,12420,12617,12503,37.714081746080723,197
121,101.68158139717032,2812.077198282499,414.66423740967764,488.49705849250228,2710.3956168853288,12416,12657,12516,45.821734921333473,241
109,104.39690049936802,1881.9000171085609,459.74910176245231,285.86329339767968,1777.5031166091928,12275,12594,12509,50.984668795004339,319
122,85.839017510709084,2973.8108919635638,419.24187882587097,475.25385035449096,2887.9718744528545,12275,12586,12504,50.191175891500606,311
109,127.77647174830237,695.45116342145889,490.06004375851688,185.70569708351303,567.67469167315653,12452,12623,12515,26.248469809734388,171
123,78.977554427086346,651.5729291924273,375.59454596091445,208.06143988041777,572.59537476534092,12449,12584,12513,25.563246895430456,135
109,59.238424602057755,1784.1314648637306,422.60466887801965,295.99816620871843,1724.8930402616729,12379,12591,12497,43.965263561134265,212
124,104.06931645514956,2888.1996298324971,428.66199628103436,562.31607345890188,2784.1303133773476,12396,12572,12503,30.669652740842313,176
109,75.060253273708028,3031.6990229379498,508.35443225773338,636.31883932703329,2956.6387696642419,12449,12624,12520,32.274679682699812,175
129,80.716730374809813,676.74791362055453,348.07221350445843,191.45776567206778,596.03118324574473,12391,12620,12506,39.273229912641547,229
109,89.85964374238155,638.45969702443949,278.65422163205801,154.09404233085158,548.60005328205796,12439,12590,12503,30.087575878129872,151
130,122.93798304926355,644.69123764457902,425.01896892837743,192.30748614672603,521.75325459531541,12381,12679,12512,44.056093311904696,298
109,73.268961755688622,648.06353705972435,397.7311018638074,207.21616450270687,574.79457530403579,12438,12598,12507,29.788862457814872,160
131,85.650781484557569,726.31410421168005,351.47532600632979,205.55741445942721,640.66332272712248,12394,12683,12516,47.462865480633283,289
109,65.284376420331157,667.24340009716218,334.02844987981331,174.19562996099907,601.95902367683107,12427,12616,12510,34.124401857992531,189
132,111.86779612280118,663.60093574399502,369.35133946940533,202.10259572893807,551.7331396211938,12444,12649,12518,42.665564390846839,205
109,63.327353302762788,723.79458460524472,431.31209010758846,173.96336985817803,660.46723130248188,12435,12593,12508,31.857948598252356,158
133,127.80052991264419,620.26164072688334,426.27508133760773,161.52835425351822,492.46111081423913,12427,12633,12520,37.336114310970167,206
109,95.97417986427044,3078.08301677283,568.26853525221509,570.03543869353632,2982.1088369085596,12402,12568,12508,31.889196923540055,166
134,73.096929972459449,792.19290235149174,404.2654937561058,241.54379838410728,719.09597237903233,12376,12663,12514,49.364836869107286,287
109,118.42133824704652,3092.8734894597201,1108.9796996643297,1185.0453381299828,2974.4521512126735,11781,12538,12468,139.61967741327746,757
135,85.838403503715909,2252.8504694886074,414.63976991650992,420.12985847398409,2167.0120659848913,12055,12542,12474,100.35805582512363,487
109,65.706944697759155,659.44315765349108,365.90327279983666,212.04264343631772,593.73621295573196,12415,12686,12516,45.255460563064069,271
136,105.47652915788623,637.95390397084566,444.73848538549674,190.14440702886611,532.4773748129594,12473,12554,12507,23.647448362539183,81
109,125.04034254081427,763.53356988970586,322.42371994731644,151.31924850791717,638.49322734889165,12468,12591,12512,26.84364570766968,123
137,62.658600733629548,801.58452419129333,321.54417264572317,217.68141198573923,738.92592345766377,12324,12704,12507,59.23657190129493,380
109,88.010031262881839,3059.4573764997904,553.04636624684224,600.8932192669273,2971.4473452369084,12308,12557,12503,39.57928362373935,249
138,57.564703745882944,637.08694219451195,316.01053701167973,208.18242736096926,579.52223844862897,12356,12573,12504,37.707883054401826,217
109,88.799183526245344,3043.3936423610116,415.17113963838062,560.6504802806511,2954.5944588347661,12443,12586,12509,27.964978097613454,143
139,60.539047023495215,704.31812504030518,354.02503873323087,227.5282256656532,643.77907801680999,12392,12592,12500,39.183388701572305,200
110,94.152612147094374,2866.4409093246927,485.71080822640408,475.61107221361732,2772.2882971775985,12267,12561,12499,49.669057852336685,294
122,63.455110310528056,746.97373942969398,425.21324448803728,211.09100077332033,683.51862911916589,12426,12587,12512,33.098287236857558,161
110,72.860434540876639,789.30968470425637,406.20725959403569,213.50446863585648,716.4492501633797,12437,12605,12506,31.344690140436867,168
123,117.11362897260496,736.86825917239014,486.24735133427163,201.92812176780964,619.7546301997852,12325,12667,12506,49.579802758138975,342
110,110.15008419430904,749.52315040357223,446.39231245175836,231.40624931974097,639.37306620926324,12310,12581,12509,35.151485692169288,271
124,81.770531513670775,711.34823105315081,415.72944881159134,220.12456478839286,629.57769953948002,12407,12611,12502,35.650164881180608,204
110,76.263325674717137,842.22851804492632,514.6126635437688,198.74509995493165,765.96519237020914,12455,12570,12507,24.53295493233605,115
125,63.954817471829806,1879.1764705464884,468.77922281228672,322.52366731221178,1815.2216530746587,12457,12592,12507,26.67726734127362,135
110,74.563494030352288,755.39996782486207,499.94677262250542,262.20264686771083,680.83647379450974,12456,12556,12499,23.417192047765255,100
126,60.167460200358562,762.62318628974606,391.40348735561349,257.45922376250746,702.45572608938755,12389,12627,12502,40.917751648887062,238
110,101.13541911574211,2888.307691922495,470.16657408225228,394.46694586283184,2787.172272806753,12330,12580,12504,42.418565203743853,250
127,76.980223233857458,724.12905255949727,433.60310351593245,205.22545248952548,647.14882932563978,12393,12636,12510,46.039388637583457,243
110,52.398925619373003,949.0143711051237,311.07526969889642,203.12917955927824,896.61544548575068,12255,12673,12503,58.373222995587817,418
128,82.036745174177938,602.42252325862341,332.36208158102795,192.68472269011147,520.38577808444552,12366,12562,12500,33.002840786817124,196
110,90.016767105084227,850.63858425174885,448.95899227962951,219.29825572296684,760.62181714666463,12361,12614,12504,41.425634283658262,253
129,115.70342523677282,787.45975051764742,440.57008344416829,213.10230057126208,671.75632528087465,12447,12603,12508,31.041602177716879,156
110,61.722916735811417,675.48254262153444,306.52915594385649,185.89486096721234,613.75962588572304,12421,12597,12503,27.762588878252686,176
130,63.636508179336069,690.58443688332386,319.45403315925813,200.79849769635808,626.94792870398783,12362,12567,12501,41.677305678503622,205
110,88.935168061935144,2995.2308285255954,453.82739913490445,497.9686871630434,2906.2956604636602,12459,12574,12511,24.860528925135522,115
131,73.108388425507698,636.48403356561005,406.60576971170497,216.98904079688762,563.37564514010239,12383,12563,12504,31.6066800253083,180
110,64.877986867970293,3086.6645916219045,345.52185508616515,402.23125347944375,3021.7866047539342,12363,12641,12499,40.72153935343087,278
132,98.608693455431222,703.0245281611576,416.24433935219395,201.76962568201574,604.41583470572641,12350,12571,12498,43.212070031795726,221
110,62.879600519702741,721.54061965685503,425.73839047282405,219.28608791725017,658.66101913715227,12328,12559,12497,45.784010123518001,231
133,91.484806725791259,854.22802126716681,421.10553364731135,230.42816635011394,762.74321454137555,12367,12695,12510,43.931041290742115,328
110,100.97550193244388,700.01805104106415,475.09342025417584,189.42131935403569,599.04254910862028,12439,12626,12507,36.047060761859086,187
134,94.766350459267542,707.88746537451198,506.41502709597495,202.65496743469495,613.12111491524445,12391,12572,12507,28.417938422669032,181
110,110.38767907545143,2810.8635866112058,482.5157780384493,499.47087345834882,2700.4759075357542,12403,12653,12516,50.602000497472808,250
135,113.5825000515498,2948.9294357499025,528.16915028873461,468.99704589658131,2835.3469356983528,12423,12646,12507,42.986288367970559,223
110,126.47235921978856,2971.6648298965902,497.78542427291984,487.85605310367816,2845.1924706768018,12402,12652,12515,40.911672196901705,250
136,134.34874509158254,2767.9412567179879,564.17074097753289,442.80549887744002,2633.5925116264052,12423,12587,12508,28.351113557643142,164
110,63.294719912432505,3034.0896707703746,392.24780748983721,363.23959282550351,2970.7949508579422,12027,12640,12486,92.081977673401965,613
137,57.830085409843633,727.21903930200301,358.45927676588599,232.49700418043616,669.38895389215941,12146,12566,12490,69.024178633261016,420
110,78.026839595501727,718.27907020363398,382.55832591160618,241.57681624777055,640.25223060813221,12426,12567,12502,29.248236009198674,141
138,90.482512728078405,726.7693065137131,453.69960704367719,193.75289886274066,636.2867937856347,12421,12569,12506,33.202979859968153,148
110,85.296544528984839,744.99107190303675,456.56797840658163,230.68653465245669,659.69452737405186,12470,12583,12510,25.187890635759274,113
139,70.176071626851765,739.26369975176601,508.07975405131691,173.90157260187868,669.0876281249142,12314,12592,12501,45.500663731422641,278
111,109.14601274744166,2161.3359200883824,483.72286851068014,434.74397994456291,2052.1899073409409,12410,12675,12504,47.485418959656499,265
121,99.828225649873332,668.24649589919954,436.62813447542345,207.6333532854903,568.41827024932627,12430,12570,12504,33.352006603954003,140
111,65.95393615209143,744.21518181337456,452.0276985298089,186.75047370823228,678.26124566128317,12401,12571,12500,33.648326504348027,170
122,132.6549294489671,690.63231651130957,449.73189699283466,213.51136927620934,557.97738706234247,12466,12558,12508,19.276646501557806,92
111,113.57028899106849,2501.2096169092479,549.27609437985723,437.31292970640982,2387.6393279181793,12333,12617,12509,47.749882534423918,284
123,110.34526284096464,725.87344027170695,521.68588322714709,193.56798820786474,615.52817743074229,12409,12579,12501,31.699546928570765,170
111,81.548676993675102,2369.8825473760494,482.30320233528494,447.6156513413182,2288.3338703823742,12247,12641,12502,52.966841334855296,394
124,92.822361223554708,701.77458527324234,438.65577947187063,189.40114348479844,608.95222404968763,12388,12662,12508,45.069876172920736,274
111,95.540691927252396,2846.7458132929983,519.38015303330758,654.49330917316763,2751.205121365746,12448,12624,12515,29.229950393389313,176
125,72.025629309531155,2248.5627267639256,471.33990132197079,364.06228166064716,2176.5370974543944,12427,12689,12511,45.604868997351737,262
111,93.548034055131993,3000.5522773884009,459.78537077616346,519.77712994055821,2907.0042433332687,12397,12629,12513,39.502517500646569,232
126,90.362851084783159,2915.1582977352277,536.61247907186294,517.76344362353268,2824.7954466504448,12386,12536,12496,33.400303096133428,150
111,91.729010614493831,1913.1849348950591,442.47400319620675,375.89686255376182,1821.4559242805653,12423,12749,12518,58.377979289922536,326
127,80.166639200445928,3053.2764322389939,473.02318509248232,396.01412783999228,2973.1097930385481,12399,12675,12512,44.731745625077799,276
111,73.840689584923865,3054.6189739312968,517.50575689044956,527.72884091459014,2980.7782843463729,12256,12568,12493,55.208191194785577,312
128,113.49682492502977,642.51532864727119,399.32092123884212,184.98887381321222,529.01850372224146,12448,12608,12518,27.307954427236034,160
111,79.24963059023878,2246.3927590486951,553.56960657239586,452.77758332378971,2167.1431284584564,12431,12640,12507,34.889338101301611,209
129,88.994249234067212,737.69298297783928,359.78985785858794,204.77985265685442,648.6987337437721,12382,12604,12506,38.84706740224366,222
111,131.88189548285376,626.20030466885908,356.53224597583414,166.72416527272503,494.31840918600528,12408,12574,12504,35.341238259972997,166
130,135.1406034144409,670.75575273107177,451.82425633438623,167.36480709338912,535.61514931663089,12445,12583,12505,25.214790103397185,138
111,96.920141120394234,681.97471181255639,495.92362601613047,150.54761625905789,585.0545706921622,12440,12568,12509,24.673641227605042,128
131,114.4537303519909,676.72798088913703,520.59877239156845,164.24951153398348,562.27425053714614,12444,12566,12512,23.23375050512584,122
111,56.787822741023206,2716.9449886775224,348.06366713961444,351.13526934790951,2660.157165936499,12375,12708,12516,53.294093521520928,333
132,70.191221452347335,2880.2037596410819,478.98504230458178,356.64191739995766,2810.0125381887347,12182,12626,12504,55.616729529324012,444
111,84.992628424251706,3020.2057462184202,541.59586833575872,731.81893561299307,2935.2131177941687,12416,12567,12500,36.934806494631161,151
133,79.66951510231857,666.83236388846569,462.68865401753317,207.2142076115521,587.16284878614715,12456,12563,12505,21.743897681151058,107
111,87.790573072836523,2395.225862734696,532.76202953340078,461.61465490232604,2307.4352896618593,12395,12699,12514,45.641299032709249,304
134,111.80702728963591,695.63252979954279,404.35317985972756,220.74976592156449,583.82550250990687,12447,12605,12512,32.009070695377545,158
111,122.8328909044718,2051.2333050050047,525.57810972426898,411.01644146483318,1928.400414100533,12358,12602,12511,47.781492103683,244
135,99.199095073079974,748.46107947704957,513.30678574083515,177.40398771821552,649.26198440396956,12460,12604,12518,28.442683169759441,144
111,122.79399779104516,712.09095584835654,433.66499457866229,192.90098461733427,589.29695805731137,12360,12712,12511,66.129787239417141,352
136,56.385817094801119,714.84300048958562,452.07807460177639,201.05747783494738,658.45718339478447,12489,12690,12520,40.097387115805184,201
111,87.730860586590808,1953.8918536900401,502.17045472914413,453.61338596019777,1866.1609931034493,12412,12635,12515,35.845765509452825,223
137,69.757185924961348,685.67951096015531,323.45163202504477,212.94142531080783,615.92232503519392,12364,12585,12501,48.068284762408574,221
111,116.92759262599687,2391.6525783526117,553.75273124313367,548.26718562847191,2274.7249857266147,12349,12580,12508,36.543963217432385,231
138,69.024737357099823,706.58152043842915,444.39018765300352,217.78775190384502,637.55678308132929,12423,12552,12508,26.938942021212011,129
111,63.36908381808832,2330.6457189260641,420.50181535258247,324.02666207940035,2267.2766351079758,12381,12729,12506,50.290900782955418,348
139,51.943299187834498,789.07132609545874,426.09864471279252,197.0185987088019,737.12802690762419,12337,12599,12509,33.261859372092971,262
112,114.51986745435956,3005.7300399101146,457.84380928814164,474.3259789162135,2891.2101724557551,12448,12639,12518,32.165467258390905,191
121,112.45998450854096,736.63760965597589,288.06220530729519,187.5683808603695,624.17762514743492,12420,12591,12500,33.705227896325702,171
112,95.876478224285052,1619.1349486714057,377.65691795098775,284.07226949202072,1523.2584704471205,12393,12548,12503,33.21640313979907,155
123,67.436805376628726,665.61090320714675,340.43273629737547,176.24575293670361,598.17409783051801,12466,12645,12515,29.884485088078591,179
112,160.08083675076108,887.16123206360112,528.9731630664985,211.96196215077808,727.08039531283998,12444,12612,12504,29.622040405376836,168
124,101.22635345632057,721.30768452139796,394.44065376785625,190.81287556158389,620.08133106507739,12411,12589,12505,31.388884032668738,178
112,91.79175760319454,703.36506945914664,416.88163112081043,212.31042440041355,611.57331185595206,12393,12601,12509,31.603775266747977,208
125,118.77151678426118,762.3509025440294,391.6334016476319,186.06931009179368,643.57938575976823,12457,12601,12508,30.485744583942349,144
112,74.565710715771331,3084.4465987005005,644.50614892742931,733.76928832178635,3009.8808879847293,12470,12519,12505,11.990664771674115,49
126,74.190858240752377,1100.2094419818911,444.16764834747238,243.516216501939,1026.0185837411389,12394,12760,12512,61.8108891000781,366
112,57.035748727061517,919.74665254963782,357.49500624672896,232.24668132753871,862.71090382257626,12444,12657,12512,35.867971050980714,213
127,95.572636416225677,2365.8237935287807,349.2662633634161,351.82596355829025,2270.2511571125551,12363,12622,12508,41.811062298816992,259
112,85.283576224881841,923.0665088216864,263.65210573569078,183.41897299320738,837.78293259680459,12216,12675,12502,67.04189788056847,459
128,152.20262926072706,672.6269076060529,368.35791371969481,182.19619805161324,520.42427834532577,12453,12577,12508,26.777297635105995,124
112,70.710782220655872,3042.2337638952695,642.66374332632847,824.09878825676662,2971.5229816746137,12389,12591,12501,37.690069573268694,202
129,52.163972859577761,726.55450098359813,332.67810805750389,193.04520233863516,674.39052812402042,12453,12615,12513,31.509868214129284,162
112,109.4118542599313,729.777181025549,360.59195430979162,215.60563821851832,620.36532676561774,12417,12556,12507,24.932356487103263,139
130,90.188735310863507,705.65707313788198,387.74335321915026,222.52290164945546,615.46833782701844,12454,12607,12509,33.829886899560442,153
112,114.96106789184401,681.3906917713324,386.30037830515812,192.57211212933083,566.42962387948842,12429,12559,12505,25.093866749417078,130
131,93.961311223653709,717.47856227434488,378.9271549106146,188.32514671504799,623.51725105069113,12367,12598,12510,33.75281507152441,231
112,56.689413836130491,715.5828332024123,345.94499134296603,199.93293175405796,658.89341936628182,12269,12619,12508,49.065844165895186,350
132,60.180257878867565,701.9594409274365,306.3879156031428,197.19362130878088,641.77918304856894,12400,12655,12521,44.249402255849745,255
112,82.470653276927877,758.58932509722297,446.68633569581084,219.44690900615214,676.11867182029505,12444,12604,12510,26.963535046840992,160
133,63.373326572089063,691.68310895300579,318.92495072167185,179.59551853857005,628.30978238091677,12405,12543,12500,31.962270487152153,138
112,76.428482563618729,2255.4296378568133,500.90936780476824,375.1176972232181,2179.0011552931946,12332,12619,12507,42.569242330859481,287
134,142.9752617166489,901.68203386236848,422.98800046219202,246.83023832396287,758.70677214571958,12430,12690,12525,40.3286188704746,260
112,102.45950536704974,2906.4867405865707,626.23689418023457,752.71491157695937,2804.0272352195211,12346,12604,12513,43.580604105245548,258
135,93.429139569909424,740.68735333960308,368.92547078709651,205.83020524537392,647.25821376969361,12415,12541,12503,26.094188369571235,126
112,106.85800464403427,734.95444901382132,415.53949903808422,235.92016330048722,628.09644436978704,12463,12624,12517,35.797134553615557,161
136,63.084683479101905,750.32435516537168,380.19233164748687,237.98975793454289,687.23967168626973,12455,12590,12515,24.714723512494327,135
112,172.94640863073539,3070.4793312200618,565.446800284917,504.61971449860306,2897.5329225893265,12282,12669,12513,46.936306410966473,387
137,79.880466620438739,807.13801210680219,340.46873802535976,224.06859761743652,727.25754548636348,12426,12635,12513,43.570803648263777,209
112,68.136644174690474,3052.5411452765998,552.77860842435518,711.64362742910373,2984.4045011019093,12410,12562,12498,36.219849530333505,152
139,107.69911448719363,2812.8446645090003,375.77676726009116,442.28466744131697,2705.1455500218067,12335,12636,12502,43.060277518845602,301
113,53.82481447503725,2199.4189183813573,526.30298196026581,341.59759415954255,2145.59410390632,12410,12713,12510,50.822401579432643,303
121,102.22862031602267,818.074713960238,442.52608261421256,251.58997316405441,715.84609364421533,12393,12667,12504,51.230753811108634,274
113,112.14060448659221,718.53856121842171,378.28382871062121,210.9614304469026,606.39795673182948,12412,12640,12508,38.060825408827505,228
122,87.607373817712713,717.59771071457249,534.21957851240427,194.04694112212897,629.99033689685973,12445,12696,12518,39.465520948671134,251
113,60.55786725826502,3043.7368996770283,562.29875886059563,652.74666100055333,2983.1790324187632,12387,12547,12498,28.522702120798606,160
123,55.936364238491663,3073.4961388008096,568.95265419823386,487.48565640059286,3017.5597745623181,12425,12664,12503,42.974454166836139,239
113,64.740097872336463,847.6358939593789,381.35218623696613,235.77893264661583,782.89579608704241,12432,12599,12515,31.316922425064615,167
124,60.026736754298092,694.877793091581,453.11044142163411,209.8862364555456,634.8510563372829,12348,12560,12503,38.710951937526168,212
113,71.153316666114421,3077.4052996451701,537.52912679285976,463.53008549298102,3006.2519829790558,12414,12589,12504,34.696198311707278,175
125,113.95593783097566,1569.9309769485913,459.85620886589783,292.67202255427793,1455.9750391176156,12359,12642,12507,52.790020509866238,283
113,103.97422933065631,3085.0074500257474,607.43628926444228,573.96221100872879,2981.0332206950911,12370,12659,12510,45.861924465753496,289
126,104.80498617813447,672.62641522119998,404.28232749127778,206.47410888140396,567.82142904306556,12449,12577,12508,25.787198216105889,128
113,87.133044340697651,3034.3537693266285,461.54428748866485,495.23464211975073,2947.2207249859307,12287,12640,12499,51.714723778528054,353
127,73.600543684276786,2907.0387440879476,522.06223326993722,452.74914366002969,2833.4382004036706,12367,12648,12511,48.465587244315401,281
113,102.09656027829185,3099.4188794012648,698.96730844775345,774.38170308792996,2997.3223191229731,12340,12614,12509,50.789200347129174,274
128,96.226327287485262,3116.9953577130368,595.58171341465868,566.10494823714657,3020.7690304255516,12379,12588,12503,35.833078546839403,209
113,120.16796387154432,3121.3110583674861,533.7345795195406,624.86794349135721,3001.143094495942,12414,12677,12515,47.698150907556155,263
129,81.821818846049723,2349.7567963431638,503.69997886262439,343.84724546117457,2267.9349774971142,12343,12588,12501,46.697676257645782,245
113,107.89625632396451,672.11315313288264,406.20290112261131,202.22900314046859,564.21689680891814,12461,12626,12517,31.190946947275652,165
130,55.738356761008461,704.21722456842542,484.61646818903023,225.3185592697929,648.47886780741692,12451,12530,12500,19.927227604461187,79
113,107.83754447347704,748.90049987783095,410.58499717173851,188.68345808371657,641.06295540435394,12075,12566,12487,72.539213533095321,491
131,70.567431647912898,2939.5627664294452,540.19132489283572,396.38869609277231,2868.9953347815322,12384,12611,12507,36.194382429463126,227
113,67.659298875691633,2074.0544334009292,422.21195602296228,310.00846073307042,2006.3951345252376,12288,12630,12500,49.19117541928059,342
132,52.936177961954506,2878.2868759010162,482.36832042328984,419.26722802056912,2825.3506979390618,12357,12580,12496,51.45403798237178,223
113,63.228433338952598,2380.4562514589934,524.90482219902037,341.22086474005903,2317.2278181200409,12397,12688,12505,43.116591251819415,291
133,107.73601617487932,3041.5546398654528,534.47635774955984,379.10345551519515,2933.8186236905735,12427,12704,12516,43.703183911743416,277
113,81.123176983867481,2169.1529242486745,561.56853105198911,387.00817795775021,2088.0297472648072,12428,12623,12509,34.432860498166107,195
134,78.309007503312941,1299.0392654652119,441.37501377568213,258.501155200364,1220.730257961899,12454,12697,12510,40.155882482634887,243
113,99.804735015421812,2977.5107212696662,524.54190050341958,573.61407978681098,2877.7059862542442,12315,12642,12503,60.404764155821262,327
135,95.06250138544668,769.77583858429466,430.77675940883017,236.46210944680553,674.71333719884797,12393,12579,12505,35.327397089622949,186
113,73.394268018363164,3134.0983080857768,824.4292075346018,972.55191469213082,3060.7040400674136,12298,12616,12498,55.967016525588626,318
136,103.1884868437312,3129.8087426198745,668.63159135619071,762.31457378202913,3026.6202557761435,12431,12572,12506,25.353822720264731,141
113,79.946279577263141,2955.913386068069,527.24846687658555,586.22028365228755,2875.9671064908057,12388,12613,12505,41.043409613667812,225
137,63.794296474655475,766.10801865168662,332.92128993144297,220.68087512664241,702.3137221770312,12412,12626,12516,44.856226155693797,214
113,94.124298143319905,2960.3881278393151,503.70345496266668,542.63483179731998,2866.2638296959954,12318,12610,12504,46.297518818864646,292
138,55.424851898164846,3053.4418802543619,656.60288300316165,673.98397805934894,2998.017028356197,12271,12602,12503,51.023075889171082,331
113,68.008531729224799,2904.7327070559472,667.71669492304909,770.4650788365376,2836.7241753267226,12419,12728,12509,44.712508317024664,309
139,61.804394582238579,3126.9930017297038,584.26737436023541,669.16412093795032,3065.1886071474651,12470,12604,12511,23.9480920140021,134
114,114.28428413008379,761.57268410921529,526.49087471919165,221.50383267222907,647.28839997913155,12335,12581,12499,40.380959400268928,246
121,76.53004160077549,2826.0503264473759,484.17011056444272,458.74426481391549,2749.5202848466006,12421,12645,12517,39.151430210589062,224
114,98.850393153890991,2670.2053897258152,518.17702709636012,462.21251226226661,2571.3549965719239,12361,12552,12503,36.35622571072242,191
122,64.860170272202964,832.34591506314325,538.31972414068639,214.22600653683,767.48574479094032,12410,12635,12509,43.033292529482083,225
114,52.009519725525358,2894.6432954034467,545.26221169551332,505.80030672874341,2842.6337756779212,12425,12569,12508,28.06552100688236,144
123,112.22457248403825,771.2224768181743,474.20732197762817,233.69038860814845,658.99790433413602,12372,12655,12519,58.404242616059634,283
114,92.489910903306594,818.72542072202862,412.92850424122037,237.14580233215415,726.23550981872199,12391,12637,12505,47.97981223236031,246
124,93.533682208246006,743.48839470205689,496.87340173000672,232.55718676607904,649.95471249381092,12399,12622,12515,38.805585299196601,223
114,95.038928420324481,3049.1417564679527,687.293148368321,685.16961732721848,2954.1028280476285,12463,12553,12509,20.875133608095023,90
125,140.6286848014968,799.98627206250433,546.62224474899961,182.64504353423703,659.35758726100755,12425,12706,12513,46.937532364243907,281
114,104.05513201326504,3083.8905268682583,711.79385358796696,745.75075434783548,2979.8353948549934,12450,12568,12504,20.45077932500373,118
126,132.33694866164325,834.67747781948094,569.20149904929622,221.97605368587918,702.34052915783764,12400,12547,12500,29.0477895626845,147
114,79.001639622055592,2615.7180229231285,444.73664790433531,351.16075471645598,2536.7163833010727,12216,12646,12502,56.560513571764268,430
127,85.446802734412657,764.76494882160887,450.67304157986479,239.49286626275446,679.31814608719617,12394,12638,12513,39.003969807977121,244
114,95.010669222667985,2931.4787373736858,511.94959906260948,510.46398104981176,2836.4680681510176,12368,12623,12509,39.367425197321026,255
128,111.07103245252915,741.65546769420769,529.51021286143407,220.5119137586791,630.58443524167853,12350,12707,12512,39.913653107433589,357
114,107.49747503742627,2371.7206898120116,456.42326619445521,356.22046702079894,2264.2232147745854,12370,12655,12508,37.297962730382281,285
129,88.647691940585602,760.56082035529118,548.26006432942802,201.00691311721431,671.91312841470562,12427,12614,12517,44.023175714616499,187
114,131.03267746759684,759.98154574354328,517.5641226343439,218.3641353367619,628.94886827594644,12425,12606,12514,39.625656500066022,181
130,111.73498514162712,683.75696934395137,515.21687929913412,193.33402995948052,572.02198420232423,12430,12616,12514,32.520125979922035,186
114,106.97926866764914,1930.4979837285714,492.16682446230783,314.82328461966853,1823.5187150609222,12358,12597,12508,40.233664450333642,239
131,122.02590319595889,2917.5555129511026,600.88590509664982,614.92852206031239,2795.5296097551436,12383,12555,12507,29.624422380598123,172
114,103.52541742397719,2334.0570935458436,474.95203622845628,367.24852693285669,2230.5316761218664,12336,12581,12512,37.508858166085176,245
132,104.12412529361855,854.2171607581347,485.45675927102968,245.38398907403939,750.09303546451611,12392,12553,12494,33.55405380533368,161
114,84.915664882544007,816.87834300791747,516.75371026398591,231.60710223588649,731.96267812537349,12353,12683,12507,51.71533556825019,330
134,120.80923367333266,849.9287893107346,531.3947198172815,225.19807859801139,729.11955563740196,12469,12563,12514,20.841753400500068,94
114,112.3984320219478,930.39786737575378,412.15006135569701,242.1781736457861,817.99943535380601,12402,12673,12508,47.451458432205527,271
135,62.962164346688702,743.65132062531541,452.73050855629396,244.9861442543579,680.68915627862668,12389,12647,12513,45.611068832028046,258
114,99.502501953420278,1024.0514371413485,563.14642506026212,231.47713699949557,924.54893518792824,12052,12679,12495,91.379996229686398,627
136,103.36245316040852,727.18461729768455,519.16462259073796,216.07405303840036,623.82216413727599,12448,12621,12522,34.784798723324847,173
114,114.55621185172636,2919.8603240409075,471.67001705531754,473.50434851771399,2805.3041121891811,12373,12637,12515,45.153821175966399,264
137,91.538364761014279,2825.9499430606247,522.90499002923593,399.08920853459591,2734.4115782996105,12347,12695,12506,47.917857383666757,348
114,85.859740760596992,824.58478432676065,375.44389012153738,193.97168553282015,738.72504356616366,12346,12748,12510,48.554319925945563,402
138,104.3846573089218,848.11146631515862,463.38207146904591,244.61338016695458,743.72680900623686,12399,12599,12505,37.570500622254194,200
114,92.39477331901567,3105.7013524589461,617.29616082070584,728.96013513842968,3013.3065791399304,12421,12606,12512,30.414616369253924,185
139,58.543147269485566,788.5835697752907,432.507025416131,247.03711733721909,730.04042250580517,12418,12563,12504,28.829722380938449,145
115,76.415228397365823,3105.9793569772323,547.698075025197,638.05583360281912,3029.5641285798665,12389,12567,12495,39.926945633923978,178
121,112.57095860309776,2797.8246947048015,466.07257027323715,497.0098868087922,2685.2537361017039,12325,12659,12510,65.393851852551251,334
115,97.238825125566464,3034.2368115085928,488.27667411277719,482.57576781311536,2936.9979863830263,12359,12575,12495,49.308986878639161,216
122,100.73937437340209,964.64687681906844,491.72738929025428,201.86835611946933,863.9075024456663,12275,12561,12500,47.968135682099692,286
115,126.52378065783759,3093.4560253954837,461.4013647725497,566.34403552500135,2966.9322447376462,12343,12552,12498,37.285922276376645,209
123,73.373438878772617,3086.1326806611482,518.02107538807331,568.62322621165845,3012.7592417823757,12395,12635,12514,39.992165031276933,240
115,52.063479577711284,2932.0200177982024,468.54141611188987,466.05879903111162,2879.956538220491,12409,12579,12499,34.273085285687365,170
124,73.713270663146488,831.21637011671078,427.17440960487443,211.53488528356755,757.50309945356435,12399,12583,12500,39.981479438121617,184
115,139.07670785081473,2961.1104702276593,517.87536371980241,513.82245118632545,2822.0337623768446,11474,12554,12470,180.4478694630391,1080
125,53.911611277856871,2809.9553858116024,462.07950600127077,480.44987163907479,2756.0437745337454,12433,12681,12510,38.121501660990326,248
